{"axis_name": "entry_count", "segments": [{"curve": {"count": [312, 212, 227, 151, 107, 57, 27, 13, 2], "frac_pos": [0.11538461538461539, 0.23113207547169812, 0.33480176211453744, 0.3576158940397351, 0.5420560747663551, 0.5964912280701754, 0.6296296296296297, 0.5384615384615384, 1.0], "mean_pred": [0.06868177804488781, 0.17073559938421945, 0.24142542924600197, 0.3526566469316051, 0.43520043101687184, 0.5208524274178257, 0.6413402193853769, 0.7146042363433669, 1.0]}, "scalar": {"ece_quantile": 0.05637142290391271, "ece_uniform": 0.0610754680228098, "max_dev_guarded": 0.10685564374948325, "mce_guarded": 0.10685564374948325, "n_samples": 1108}, "segment_value": "10.0"}, {"curve": {"count": [302, 243, 279, 135, 118, 54, 29, 14, 1], "frac_pos": [0.08278145695364239, 0.18106995884773663, 0.2974910394265233, 0.3111111111111111, 0.559322033898305, 0.5555555555555556, 0.6206896551724138, 0.8571428571428571, 1.0], "mean_pred": [0.06823540285341832, 0.16990590446091716, 0.23703847809671255, 0.3535741005649393, 0.4387396458409244, 0.5227394783637508, 0.6278470673916, 0.7163561076604555, 1.0]}, "scalar": {"ece_quantile": 0.040994064232728465, "ece_uniform": 0.0407522648066274, "max_dev_guarded": 0.12058238805738064, "mce_guarded": 0.12058238805738064, "n_samples": 1175}, "segment_value": "11.0"}, {"curve": {"count": [519, 387, 340, 224, 184, 89, 42, 21, 1], "frac_pos": [0.06936416184971098, 0.18604651162790697, 0.3029411764705882, 0.36607142857142855, 0.41847826086956524, 0.4943820224719101, 0.5714285714285714, 0.6666666666666666, 1.0], "mean_pred": [0.06759923770899244, 0.17092339261539893, 0.23719754605891522, 0.3531633561850366, 0.4342675740111651, 0.5219508159801766, 0.6306375442739081, 0.7087646652864047, 1.0]}, "scalar": {"ece_quantile": 0.027477160334548657, "ece_uniform": 0.022547081523078518, "max_dev_guarded": 0.065743630411673, "mce_guarded": 0.065743630411673, "n_samples": 1807}, "segment_value": "12.0"}, {"curve": {"count": [428, 306, 338, 192, 135, 60, 24, 7, 2], "frac_pos": [0.05841121495327103, 0.15359477124183007, 0.2869822485207101, 0.34375, 0.42962962962962964, 0.48333333333333334, 0.7083333333333334, 0.5714285714285714, 1.0], "mean_pred": [0.07225856462827704, 0.17026375170524613, 0.239079899819809, 0.3506049225878036, 0.43733510475058707, 0.5202927720133766, 0.6345784043645007, 0.7138256268691051, 1.0]}, "scalar": {"ece_quantile": 0.020927284357463233, "ece_uniform": 0.02316301328816241, "max_dev_guarded": 0.04790234870090107, "mce_guarded": 0.04790234870090107, "n_samples": 1492}, "segment_value": "13.0"}, {"curve": {"count": [815, 568, 542, 329, 232, 123, 42, 19, 2], "frac_pos": [0.06012269938650307, 0.1602112676056338, 0.25276752767527677, 0.3556231003039514, 0.34913793103448276, 0.4796747967479675, 0.6666666666666666, 0.5263157894736842, 0.5], "mean_pred": [0.06745483368612318, 0.17185714587835083, 0.23818651317505368, 0.35393316580962697, 0.4371704417330915, 0.5197324972808087, 0.6233045376093506, 0.7092973980845837, 1.0]}, "scalar": {"ece_quantile": 0.027703675083856957, "ece_uniform": 0.019722285274131123, "max_dev_guarded": 0.08803251069860873, "mce_guarded": 0.08803251069860873, "n_samples": 2672}, "segment_value": "14.0"}, {"curve": {"count": [902, 605, 618, 315, 224, 91, 47, 14, 2], "frac_pos": [0.07095343680709534, 0.1537190082644628, 0.24757281553398058, 0.26031746031746034, 0.42857142857142855, 0.43956043956043955, 0.574468085106383, 0.5, 1.0], "mean_pred": [0.06826282886208936, 0.1720257036145545, 0.2374307018186142, 0.3516210020227128, 0.433868232193998, 0.5210507135636179, 0.6255390404212798, 0.7163561076604555, 1.0]}, "scalar": {"ece_quantile": 0.020155565320665043, "ece_uniform": 0.022200972434082023, "max_dev_guarded": 0.09130354170525246, "mce_guarded": 0.09130354170525246, "n_samples": 2818}, "segment_value": "15.0"}, {"curve": {"count": [2331, 1420, 1350, 723, 549, 258, 118, 52, 2], "frac_pos": [0.06520806520806521, 0.13098591549295774, 0.22592592592592592, 0.318118948824343, 0.3861566484517304, 0.40310077519379844, 0.5169491525423728, 0.5384615384615384, 0.5], "mean_pred": [0.067714300579385, 0.1699450095378786, 0.23781302439887306, 0.3537230187854208, 0.4342679722674044, 0.5184023415242787, 0.6286311598857461, 0.7111978198934715, 1.0]}, "scalar": {"ece_quantile": 0.026793320315112917, "ece_uniform": 0.026793320315113833, "max_dev_guarded": 0.1727362814319331, "mce_guarded": 0.1727362814319331, "n_samples": 6803}, "segment_value": "16.0"}, {"curve": {"count": [185, 114, 126, 59, 37, 21, 12, 6], "frac_pos": [0.08108108108108109, 0.11403508771929824, 0.18253968253968253, 0.2711864406779661, 0.3783783783783784, 0.47619047619047616, 0.25, 0.8333333333333334], "mean_pred": [0.07125722229250193, 0.17364492590281583, 0.2379895392194374, 0.35571174969982305, 0.43539895628581726, 0.5189816361073123, 0.634315075892616, 0.7096081588835211]}, "scalar": {"ece_quantile": 0.05597436600097315, "ece_uniform": 0.05169485410890337, "max_dev_guarded": 0.08452530902185695, "mce_guarded": 0.08452530902185695, "n_samples": 560}, "segment_value": "17.0"}, {"curve": {"count": [701, 402, 403, 189, 186, 78, 40, 17], "frac_pos": [0.05706134094151213, 0.1318407960199005, 0.1687344913151365, 0.3386243386243386, 0.26344086021505375, 0.46153846153846156, 0.375, 0.6470588235294118], "mean_pred": [0.06894721804425766, 0.1718807874543673, 0.23598549001142924, 0.35450237589653977, 0.434439362970254, 0.5203945566693742, 0.6286398746826556, 0.7099554797764518]}, "scalar": {"ece_quantile": 0.05286022786143153, "ece_uniform": 0.05066592906791498, "max_dev_guarded": 0.2536398746826556, "mce_guarded": 0.2536398746826556, "n_samples": 2016}, "segment_value": "18.0"}, {"curve": {"count": [14, 14, 18, 12, 9, 6, 2, 2], "frac_pos": [0.07142857142857142, 0.2857142857142857, 0.4444444444444444, 0.16666666666666666, 0.3333333333333333, 0.8333333333333334, 1.0, 0.5], "mean_pred": [0.08026979970056722, 0.17709981751674403, 0.24478731179104363, 0.3555784590823106, 0.44516794574888013, 0.5085494540818898, 0.6096256684491977, 0.7037037037037037]}, "scalar": {"ece_quantile": 0.14889949515193163, "ece_uniform": 0.15127948707896183, "max_dev_guarded": NaN, "mce_guarded": NaN, "n_samples": 77}, "segment_value": "6.0"}, {"curve": {"count": [59, 53, 61, 44, 36, 21, 14, 6], "frac_pos": [0.03389830508474576, 0.18867924528301888, 0.2786885245901639, 0.4090909090909091, 0.4166666666666667, 0.5238095238095238, 0.5714285714285714, 0.5], "mean_pred": [0.07296780135317822, 0.17241703154717594, 0.23492642607573505, 0.3551557605375191, 0.4351155875334262, 0.5182078964886473, 0.63123943792393, 0.7155126140633388]}, "scalar": {"ece_quantile": 0.07639822324478056, "ece_uniform": 0.03782943977490923, "max_dev_guarded": 0.05393514855338999, "mce_guarded": 0.05393514855338999, "n_samples": 294}, "segment_value": "7.0"}, {"curve": {"count": [141, 85, 112, 76, 63, 28, 23, 12, 1], "frac_pos": [0.1347517730496454, 0.3058823529411765, 0.3392857142857143, 0.47368421052631576, 0.6190476190476191, 0.6785714285714286, 0.782608695652174, 0.6666666666666666, 0.0], "mean_pred": [0.07157016866562324, 0.172337685406879, 0.24180551417091528, 0.3523672290259541, 0.43497622135282993, 0.521703150908712, 0.623096930711439, 0.7037037037037038, 1.0]}, "scalar": {"ece_quantile": 0.10833809971158533, "ece_uniform": 0.11367800523633367, "max_dev_guarded": 0.18407139769478914, "mce_guarded": 0.18407139769478914, "n_samples": 541}, "segment_value": "8.0"}, {"curve": {"count": [228, 153, 152, 96, 108, 55, 22, 11], "frac_pos": [0.13157894736842105, 0.24183006535947713, 0.40131578947368424, 0.4270833333333333, 0.4722222222222222, 0.4909090909090909, 0.9545454545454546, 0.7272727272727273], "mean_pred": [0.06666726144413584, 0.16831159631676199, 0.23734996225388305, 0.3516150041883968, 0.4323217464395022, 0.5225842485228366, 0.6269113104796138, 0.7037037037037038]}, "scalar": {"ece_quantile": 0.08272761652615952, "ece_uniform": 0.08695097087465897, "max_dev_guarded": 0.16396582721980119,