{"axis_name": "entry_count", "segments": [{"curve": {"count": [312, 212, 227, 151, 107, 57, 27, 13, 2], "frac_pos": [0.11538461538461539, 0.23113207547169812, 0.33480176211453744, 0.3576158940397351, 0.5420560747663551, 0.5964912280701754, 0.6296296296296297, 0.5384615384615384, 1.0], "mean_pred": [0.06868177804488781, 0.17073559938421942, 0.241425429246002, 0.3526566469316052, 0.435200431016872, 0.5208524274178257, 0.6413402193853769, 0.7146042363433668, 1.0]}, "scalar": {"ece_quantile": 0.05637142290391269, "ece_uniform": 0.06107546802280976, "max_dev_guarded": 0.10685564374948309, "mce_guarded": 0.10685564374948309, "n_samples": 1108}, "segment_value": "10.0"}, {"curve": {"count": [302, 243, 279, 135, 118, 54, 29, 14, 1], "frac_pos": [0.08278145695364239, 0.18106995884773663, 0.2974910394265233, 0.3111111111111111, 0.559322033898305, 0.5555555555555556, 0.6206896551724138, 0.8571428571428571, 1.0], "mean_pred": [0.06823540285341832, 0.16990590446091716, 0.23703847809671255, 0.3535741005649397, 0.43873964584092445, 0.5227394783637506, 0.6278470673916, 0.7163561076604555, 1.0]}, "scalar": {"ece_quantile": 0.04099406423272845, "ece_uniform": 0.040752264806627456, "max_dev_guarded": 0.12058238805738059, "mce_guarded": 0.12058238805738059, "n_samples": 1175}, "segment_value": "11.0"}, {"curve": {"count": [519, 387, 340, 224, 184, 89, 42, 21, 1], "frac_pos": [0.06936416184971098, 0.18604651162790697, 0.3029411764705882, 0.36607142857142855, 0.41847826086956524, 0.4943820224719101, 0.5714285714285714, 0.6666666666666666, 1.0], "mean_pred": [0.06759923770899247, 0.17092339261539893, 0.2371975460589152, 0.35316335618503664, 0.4342675740111651, 0.5219508159801765, 0.6306375442739081, 0.7087646652864047, 1.0]}, "scalar": {"ece_quantile": 0.027477160334548664, "ece_uniform": 0.0225470815230785, "max_dev_guarded": 0.06574363041167303, "mce_guarded": 0.06574363041167303, "n_samples": 1807}, "segment_value": "12.0"}, {"curve": {"count": [428, 306, 338, 192, 135, 60, 24, 7, 2], "frac_pos": [0.05841121495327103, 0.15359477124183007, 0.2869822485207101, 0.34375, 0.42962962962962964, 0.48333333333333334, 0.7083333333333334, 0.5714285714285714, 1.0], "mean_pred": [0.07225856462827707, 0.17026375170524616, 0.23907989981980912, 0.3506049225878036, 0.43733510475058723, 0.5202927720133765, 0.6345784043645006, 0.7138256268691051, 1.0]}, "scalar": {"ece_quantile": 0.02092728435746328, "ece_uniform": 0.023163013288162414, "max_dev_guarded": 0.04790234870090096, "mce_guarded": 0.04790234870090096, "n_samples": 1492}, "segment_value": "13.0"}, {"curve": {"count": [815, 568, 542, 329, 232, 123, 42, 19, 2], "frac_pos": [0.06012269938650307, 0.1602112676056338, 0.25276752767527677, 0.3556231003039514, 0.34913793103448276, 0.4796747967479675, 0.6666666666666666, 0.5263157894736842, 0.5], "mean_pred": [0.06745483368612322, 0.17185714587835083, 0.23818651317505363, 0.35393316580962725, 0.4371704417330915, 0.5197324972808087, 0.6233045376093507, 0.7092973980845837, 1.0]}, "scalar": {"ece_quantile": 0.027703675083856908, "ece_uniform": 0.019722285274131116, "max_dev_guarded": 0.08803251069860873, "mce_guarded": 0.08803251069860873, "n_samples": 2672}, "segment_value": "14.0"}, {"curve": {"count": [902, 605, 618, 315, 224, 91, 47, 14, 2], "frac_pos": [0.07095343680709534, 0.1537190082644628, 0.24757281553398058, 0.26031746031746034, 0.42857142857142855, 0.43956043956043955, 0.574468085106383, 0.5, 1.0], "mean_pred": [0.06826282886208933, 0.17202570361455455, 0.23743070181861423, 0.3516210020227129, 0.43386823219399806, 0.5210507135636179, 0.6255390404212797, 0.7163561076604555, 1.0]}, "scalar": {"ece_quantile": 0.020155565320665033, "ece_uniform": 0.022200972434082047, "max_dev_guarded": 0.09130354170525257, "mce_guarded": 0.09130354170525257, "n_samples": 2818}, "segment_value": "15.0"}, {"curve": {"count": [2331, 1420, 1350, 723, 549, 258, 118, 52, 2], "frac_pos": [0.06520806520806521, 0.13098591549295774, 0.22592592592592592, 0.318118948824343, 0.3861566484517304, 0.40310077519379844, 0.5169491525423728, 0.5384615384615384, 0.5], "mean_pred": [0.06771430057938496, 0.16994500953787872, 0.23781302439887297, 0.35372301878542045, 0.43426797226740466, 0.5184023415242786, 0.628631159885746, 0.7111978198934715, 1.0]}, "scalar": {"ece_quantile": 0.026793320315112883, "ece_uniform": 0.02679332031511381, "max_dev_guarded": 0.1727362814319331, "mce_guarded": 0.1727362814319331, "n_samples": 6803}, "segment_value": "16.0"}, {"curve": {"count": [185, 114, 126, 59, 37, 21, 12, 6], "frac_pos": [0.08108108108108109, 0.11403508771929824, 0.18253968253968253, 0.2711864406779661, 0.3783783783783784, 0.47619047619047616, 0.25, 0.8333333333333334], "mean_pred": [0.07125722229250195, 0.17364492590281583, 0.23798953921943744, 0.3557117496998232, 0.43539895628581726, 0.5189816361073122, 0.634315075892616, 0.7096081588835211]}, "scalar": {"ece_quantile": 0.05597436600097319, "ece_uniform": 0.05169485410890338, "max_dev_guarded": 0.08452530902185712, "mce_guarded": 0.08452530902185712, "n_samples": 560}, "segment_value": "17.0"}, {"curve": {"count": [701, 402, 403, 189, 186, 78, 40, 17], "frac_pos": [0.05706134094151213, 0.1318407960199005, 0.1687344913151365, 0.3386243386243386, 0.26344086021505375, 0.46153846153846156, 0.375, 0.6470588235294118], "mean_pred": [0.06894721804425763, 0.17188078745436713, 0.23598549001142924, 0.3545023758965401, 0.4344393629702542, 0.5203945566693742, 0.6286398746826556, 0.7099554797764518]}, "scalar": {"ece_quantile": 0.05286022786143155, "ece_uniform": 0.05066592906791499, "max_dev_guarded": 0.2536398746826556, "mce_guarded": 0.2536398746826556, "n_samples": 2016}, "segment_value": "18.0"}, {"curve": {"count": [14, 14, 18, 12, 9, 6, 2, 2], "frac_pos": [0.07142857142857142, 0.2857142857142857, 0.4444444444444444, 0.16666666666666666, 0.3333333333333333, 0.8333333333333334, 1.0, 0.5], "mean_pred": [0.08026979970056722, 0.17709981751674403, 0.24478731179104363, 0.3555784590823106, 0.44516794574888024, 0.5085494540818898, 0.6096256684491977, 0.7037037037037037]}, "scalar": {"ece_quantile": 0.14889949515193163, "ece_uniform": 0.15127948707896186, "max_dev_guarded": null, "mce_guarded": null, "n_samples": 77}, "segment_value": "6.0"}, {"curve": {"count": [59, 53, 61, 44, 36, 21, 14, 6], "frac_pos": [0.03389830508474576, 0.18867924528301888, 0.2786885245901639, 0.4090909090909091, 0.4166666666666667, 0.5238095238095238, 0.5714285714285714, 0.5], "mean_pred": [0.07296780135317824, 0.172417031547176, 0.2349264260757351, 0.35515576053751924, 0.4351155875334262, 0.5182078964886473, 0.6312394379239299, 0.7155126140633387]}, "scalar": {"ece_quantile": 0.07639822324478056, "ece_uniform": 0.03782943977490919, "max_dev_guarded": 0.05393514855338988, "mce_guarded": 0.05393514855338988, "n_samples": 294}, "segment_value": "7.0"}, {"curve": {"count": [141, 85, 112, 76, 63, 28, 23, 12, 1], "frac_pos": [0.1347517730496454, 0.3058823529411765, 0.3392857142857143, 0.47368421052631576, 0.6190476190476191, 0.6785714285714286, 0.782608695652174, 0.6666666666666666, 0.0], "mean_pred": [0.07157016866562325, 0.17233768540687894, 0.24180551417091536, 0.352367229025954, 0.43497622135283004, 0.521703150908712, 0.623096930711439, 0.7037037037037038, 1.0]}, "scalar": {"ece_quantile": 0.10833809971158527, "ece_uniform": 0.11367800523633367, "max_dev_guarded": 0.18407139769478903, "mce_guarded": 0.18407139769478903, "n_samples": 541}, "segment_value": "8.0"}, {"curve": {"count": [228, 153, 152, 96, 108, 55, 22, 11], "frac_pos": [0.13157894736842105, 0.24183006535947713, 0.40131578947368424, 0.4270833333333333, 0.4722222222222222, 0.4909090909090909, 0.9545454545454546, 0.7272727272727273], "mean_pred": [0.06666726144413584, 0.16831159631676199, 0.2373499622538831, 0.3516150041883968, 0.43232174643950244, 0.5225842485228365, 0.6269113104796138, 0.7037037037037038]}, "scalar": {"ece_quantile": 0.08272761652615947, "ece_uniform": 0.08695097087465893, "max_dev_guarded": 0.16396582721980113,