{"axis_name": "month", "segments": [{"curve": {"count": [1089, 785, 822, 448, 312, 130, 62, 28, 2], "frac_pos": [0.08080808080808081, 0.16560509554140126, 0.25669099756691, 0.34151785714285715, 0.4551282051282051, 0.4846153846153846, 0.6935483870967742, 0.7142857142857143, 1.0], "mean_pred": [0.06984724204384028, 0.17007127722989276, 0.23877398162011168, 0.3530990240819899, 0.4329719037073966, 0.5181984050322181, 0.6305177442877977, 0.7112951460777548, 1.0]}, "scalar": {"ece_quantile": 0.010849682350797264, "ece_uniform": 0.013765266557418023, "max_dev_guarded": 0.06303064280897652, "mce_guarded": 0.06303064280897652, "n_samples": 3678}, "segment_value": "10"}, {"curve": {"count": [1237, 849, 885, 475, 385, 151, 88, 44, 1], "frac_pos": [0.06952303961196443, 0.15783274440518258, 0.24858757062146894, 0.3136842105263158, 0.4077922077922078, 0.423841059602649, 0.5795454545454546, 0.6136363636363636, 1.0], "mean_pred": [0.06829109438046828, 0.17155865940565015, 0.23974385179180857, 0.3536686982775995, 0.4367303708411653, 0.5197773697147494, 0.6268394936236451, 0.7117552334943636, 1.0]}, "scalar": {"ece_quantile": 0.02119404812754859, "ece_uniform": 0.01800807344988468, "max_dev_guarded": 0.098118869858, "mce_guarded": 0.098118869858, "n_samples": 4115}, "segment_value": "11"}, {"curve": {"count": [1147, 741, 741, 412, 326, 196, 82, 35, 1], "frac_pos": [0.06364428945074106, 0.1282051282051282, 0.242914979757085, 0.33980582524271846, 0.3343558282208589, 0.47959183673469385, 0.524390243902439, 0.4857142857142857, 0.0], "mean_pred": [0.06832861690409363, 0.17034867518932037, 0.2365279785733753, 0.3543464472360465, 0.43539833229404573, 0.521330422561551, 0.6266120840595861, 0.7107890499194846, 1.0]}, "scalar": {"ece_quantile": 0.03212036517700357, "ece_uniform": 0.028716441953994237, "max_dev_guarded": 0.22507476420519884, "mce_guarded": 0.22507476420519884, "n_samples": 3681}, "segment_value": "12"}, {"curve": {"count": [1211, 693, 647, 375, 300, 151, 60, 17], "frac_pos": [0.07597027250206441, 0.17316017316017315, 0.28438948995363217, 0.336, 0.45666666666666667, 0.46357615894039733, 0.6333333333333333, 0.7058823529411765], "mean_pred": [0.0681275653407414, 0.16970315269369973, 0.23839483232482836, 0.35351157634875957, 0.4359272002719561, 0.5194651971349353, 0.6288505374601633, 0.7099554797764518]}, "scalar": {"ece_quantile": 0.01741772084555414, "ece_uniform": 0.018302812323864343, "max_dev_guarded": 0.055889038194538, "mce_guarded": 0.055889038194538, "n_samples": 3454}, "segment_value": "7"}, {"curve": {"count": [1320, 821, 771, 464, 371, 172, 90, 34, 5], "frac_pos": [0.05909090909090909, 0.1656516443361754, 0.2697795071335927, 0.3275862068965517, 0.39892183288409705, 0.5116279069767442, 0.5555555555555556, 0.6176470588235294, 0.8], "mean_pred": [0.06719468477933531, 0.17202591388325322, 0.2369082106600204, 0.351956240369812, 0.4350283703125107, 0.5206899696990882, 0.6291768246937587, 0.7089135170976603, 1.0]}, "scalar": {"ece_quantile": 0.015179866394668647, "ece_uniform": 0.019334214006307776, "max_dev_guarded": 0.09126645827413082, "mce_guarded": 0.09126645827413082, "n_samples": 4048}, "segment_value": "8"}, {"curve": {"count": [938, 674, 705, 373, 303, 142, 61, 37, 4], "frac_pos": [0.08208955223880597, 0.16468842729970326, 0.23687943262411348, 0.3512064343163539, 0.43234323432343236, 0.49295774647887325, 0.5573770491803278, 0.5945945945945946, 0.75], "mean_pred": [0.06919704900223732, 0.1715456687876294, 0.23653052642845593, 0.35245503194295263, 0.4347310900014885, 0.5208009474519428, 0.6318928234123908, 0.7113635374504939, 1.0]}, "scalar": {"ece_quantile": 0.015502889314490377, "ece_uniform": 0.009876373958564883, "max_dev_guarded": 0.11676894285589923, "mce_guarded": 0.11676894285589923, "n_samples": 3237}, "segment_value": "9"}]}