{"axis_name": "ninki", "segments": [{"curve": {"count": [141, 447, 1049, 1020, 1114, 682, 373, 175, 13], "frac_pos": [0.41134751773049644, 0.42058165548098436, 0.5014299332697807, 0.5, 0.5377019748653501, 0.5410557184750733, 0.6434316353887399, 0.6628571428571428, 0.7692307692307693], "mean_pred": [0.08469399819109284, 0.17612821022788194, 0.2428368139013136, 0.3552330948103799, 0.43746070575623924, 0.5212681586518697, 0.6294730421633803, 0.7105866114561787, 1.0]}, "scalar": {"ece_quantile": 0.14071903731808263, "ece_uniform": 0.14279584436756917, "max_dev_guarded": 0.3266535195394036, "mce_guarded": 0.3266535195394036, "n_samples": 5014}, "segment_value": "1-3"}, {"curve": {"count": [4687, 1656, 860, 209, 63, 17, 2], "frac_pos": [0.033283550245359506, 0.057367149758454104, 0.06744186046511629, 0.0861244019138756, 0.07936507936507936, 0.058823529411764705, 0.0], "mean_pred": [0.06384997934492381, 0.1668816352988815, 0.2322262830367094, 0.35142041722505174, 0.4325589882700116, 0.514192254369287, 0.6064657267865824]}, "scalar": {"ece_quantile": 0.07379072963638408, "ece_uniform": 0.07379072963638555, "max_dev_guarded": 0.35319390890493224, "mce_guarded": 0.35319390890493224, "n_samples": 7494}, "segment_value": "10+"}, {"curve": {"count": [635, 1070, 1467, 896, 616, 198, 57, 17], "frac_pos": [0.2031496062992126, 0.24205607476635513, 0.2740286298568507, 0.28236607142857145, 0.2922077922077922, 0.35353535353535354, 0.2631578947368421, 0.17647058823529413], "mean_pred": [0.0818390746880014, 0.17522717746039013, 0.2387856951073729, 0.3521901475450005, 0.43414543462784283, 0.5180491070933334, 0.6282938684148929, 0.7120394051340346]}, "scalar": {"ece_quantile": 0.08143356322591028, "ece_uniform": 0.08327836894480725, "max_dev_guarded": 0.3651359736780508, "mce_guarded": 0.3651359736780508, "n_samples": 4956}, "segment_value": "4-6"}, {"curve": {"count": [1479, 1390, 1195, 422, 204, 45, 11, 3], "frac_pos": [0.10209601081812035, 0.13237410071942446, 0.15397489539748954, 0.16587677725118483, 0.19607843137254902, 0.2, 0.36363636363636365, 0.0], "mean_pred": [0.07562165791910945, 0.1706968242766011, 0.23649826443421973, 0.35110189147391335, 0.4267130323145962, 0.5147714815030906, 0.6108589541501549, 0.7155126140633387]}, "scalar": {"ece_quantile": 0.06774501474427215, "ece_uniform": 0.07060112433789326, "max_dev_guarded": 0.3147714815030906, "mce_guarded": 0.3147714815030906, "n_samples": 4749}, "segment_value": "7-9"}]}