{"axis_name": "ninki", "segments": [{"curve": {"count": [141, 447, 1049, 1020, 1114, 682, 373, 175, 13], "frac_pos": [0.41134751773049644, 0.42058165548098436, 0.5014299332697807, 0.5, 0.5377019748653501, 0.5410557184750733, 0.6434316353887399, 0.6628571428571428, 0.7692307692307693], "mean_pred": [0.08469399819109286, 0.17612821022788192, 0.24283681390131337, 0.3552330948103797, 0.43746070575623885, 0.5212681586518706, 0.6294730421633806, 0.7105866114561785, 1.0]}, "scalar": {"ece_quantile": 0.14071903731808266, "ece_uniform": 0.1427958443675692, "max_dev_guarded": 0.3266535195394036, "mce_guarded": 0.3266535195394036, "n_samples": 5014}, "segment_value": "1-3"}, {"curve": {"count": [4687, 1656, 860, 209, 63, 17, 2], "frac_pos": [0.033283550245359506, 0.057367149758454104, 0.06744186046511629, 0.0861244019138756, 0.07936507936507936, 0.058823529411764705, 0.0], "mean_pred": [0.06384997934492358, 0.1668816352988816, 0.23222628303670942, 0.3514204172250516, 0.43255898827001177, 0.514192254369287, 0.6064657267865824]}, "scalar": {"ece_quantile": 0.07379072963638413, "ece_uniform": 0.07379072963638543, "max_dev_guarded": 0.3531939089049324, "mce_guarded": 0.3531939089049324, "n_samples": 7494}, "segment_value": "10+"}, {"curve": {"count": [635, 1070, 1467, 896, 616, 198, 57, 17], "frac_pos": [0.2031496062992126, 0.24205607476635513, 0.2740286298568507, 0.28236607142857145, 0.2922077922077922, 0.35353535353535354, 0.2631578947368421, 0.17647058823529413], "mean_pred": [0.08183907468800136, 0.17522717746039004, 0.23878569510737283, 0.3521901475450005, 0.43414543462784266, 0.5180491070933332, 0.6282938684148931, 0.7120394051340345]}, "scalar": {"ece_quantile": 0.08143356322591026, "ece_uniform": 0.08327836894480727, "max_dev_guarded": 0.365135973678051, "mce_guarded": 0.365135973678051, "n_samples": 4956}, "segment_value": "4-6"}, {"curve": {"count": [1479, 1390, 1195, 422, 204, 45, 11, 3], "frac_pos": [0.10209601081812035, 0.13237410071942446, 0.15397489539748954, 0.16587677725118483, 0.19607843137254902, 0.2, 0.36363636363636365, 0.0], "mean_pred": [0.0756216579191094, 0.1706968242766009, 0.23649826443421945, 0.35110189147391335, 0.42671303231459606, 0.5147714815030906, 0.6108589541501549, 0.7155126140633387]}, "scalar": {"ece_quantile": 0.06774501474427212, "ece_uniform": 0.07060112433789315, "max_dev_guarded": 0.3147714815030906, "mce_guarded": 0.3147714815030906, "n_samples": 4749}, "segment_value": "7-9"}]}