{"axis_name": "odds_band", "segments": [{"curve": {"count": [6927, 4548, 4563, 2541, 1995, 939, 441, 194, 13], "frac_pos": [0.07131514364082575, 0.15963060686015831, 0.2564102564102564, 0.3349075167256985, 0.4130325814536341, 0.47816826411075614, 0.5873015873015873, 0.6134020618556701, 0.7692307692307693], "mean_pred": [0.0684188443706016, 0.1709044631979367, 0.23789788622087252, 0.3531750822673004, 0.43516510508082545, 0.5201602635574876, 0.6287395879355544, 0.71082557232266, 1.0]}, "scalar": {"ece_quantile": 0.015008898066396714, "ece_uniform": 0.014709858955432104, "max_dev_guarded": 0.09742351046698983, "mce_guarded": 0.09742351046698983, "n_samples": 22161}, "segment_value": "10+"}, {"curve": {"count": [15, 15, 8, 6, 2, 3, 2, 1], "frac_pos": [0.0, 0.0, 0.0, 0.0, 0.0, 0.0, 0.0, 0.0], "mean_pred": [0.07210776457970766, 0.1715643353112761, 0.22955088620936492, 0.3490183779507672, 0.45555208007507036, 0.5180349721634125, 0.6322084481175391, 0.7037037037037037]}, "scalar": {"ece_quantile": null, "ece_uniform": null, "max_dev_guarded": null, "mce_guarded": null, "n_samples": 52}, "segment_value": "__MISSING__"}]}