{"axis_name": "odds_band", "segments": [{"curve": {"count": [6927, 4548, 4563, 2541, 1995, 939, 441, 194, 13], "frac_pos": [0.07131514364082575, 0.15963060686015831, 0.2564102564102564, 0.3349075167256985, 0.4130325814536341, 0.47816826411075614, 0.5873015873015873, 0.6134020618556701, 0.7692307692307693], "mean_pred": [0.06841884437060144, 0.17090446319793662, 0.2378978862208727, 0.3531750822673005, 0.4351651050808247, 0.520160263557487, 0.6287395879355541, 0.7108255723226601, 1.0]}, "scalar": {"ece_quantile": 0.01500889806639676, "ece_uniform": 0.014709858955432007, "max_dev_guarded": 0.09742351046698994, "mce_guarded": 0.09742351046698994, "n_samples": 22161}, "segment_value": "10+"}, {"curve": {"count": [15, 15, 8, 6, 2, 3, 2, 1], "frac_pos": [0.0, 0.0, 0.0, 0.0, 0.0, 0.0, 0.0, 0.0], "mean_pred": [0.07210776457970768, 0.1715643353112761, 0.2295508862093649, 0.34901837795076723, 0.45555208007507036, 0.5180349721634125, 0.6322084481175391, 0.7037037037037037]}, "scalar": {"ece_quantile": NaN, "ece_uniform": NaN, "max_dev_guarded": NaN, "mce_guarded": NaN, "n_samples": 52}, "segment_value": "__MISSING__"}]}