{"axis_name": "year", "segments": [{"curve": {"count": [6942, 4563, 4571, 2547, 1997, 942, 443, 195, 13], "frac_pos": [0.07116104868913857, 0.15910585141354372, 0.2559614963902866, 0.3341185708676875, 0.4126189283925889, 0.47664543524416136, 0.5846501128668171, 0.6102564102564103, 0.7692307692307693], "mean_pred": [0.0684268152440006, 0.17090663240277998, 0.23788327760129446, 0.3531652902665548, 0.435185522682221, 0.5201534951135568, 0.62875524870387, 0.7107890499194859, 1.0]}, "scalar": {"ece_quantile": 0.01545739684776215, "ece_uniform": 0.014953768771751266, "max_dev_guarded": 0.10053263966307557, "mce_guarded": 0.10053263966307557, "n_samples": 22213}, "segment_value": "2024"}]}