{"axis_name": "year", "segments": [{"curve": {"count": [6942, 4563, 4571, 2547, 1997, 942, 443, 195, 13], "frac_pos": [0.07116104868913857, 0.15910585141354372, 0.2559614963902866, 0.3341185708676875, 0.4126189283925889, 0.47664543524416136, 0.5846501128668171, 0.6102564102564103, 0.7692307692307693], "mean_pred": [0.06842681524400059, 0.17090663240277995, 0.23788327760129446, 0.3531652902665548, 0.4351855226822211, 0.5201534951135569, 0.62875524870387, 0.7107890499194859, 1.0]}, "scalar": {"ece_quantile": 0.015457396847762164, "ece_uniform": 0.01495376877175128, "max_dev_guarded": 0.10053263966307557, "mce_guarded": 0.10053263966307557, "n_samples": 22213}, "segment_value": "2024"}]}