{"axis_name": "year", "segments": [{"curve": {"count": [6942, 4563, 4571, 2547, 1997, 942, 443, 195, 13], "frac_pos": [0.07116104868913857, 0.15910585141354372, 0.2559614963902866, 0.3341185708676875, 0.4126189283925889, 0.47664543524416136, 0.5846501128668171, 0.6102564102564103, 0.7692307692307693], "mean_pred": [0.06842681524400071, 0.17090663240278006, 0.23788327760129427, 0.3531652902665547, 0.4351855226822218, 0.5201534951135575, 0.6287552487038702, 0.7107890499194858, 1.0]}, "scalar": {"ece_quantile": 0.01545739684776209, "ece_uniform": 0.014953768771751383, "max_dev_guarded": 0.10053263966307546, "mce_guarded": 0.10053263966307546, "n_samples": 22213}, "segment_value": "2024"}]}