{
  "0.0": {
    "adjusted_rank_mean": 6.954089506172839,
    "adjusted_rank_std": 4.010093210290424,
    "max": 514.6459999999998,
    "mean": 8.371143288274656,
    "min": -457.422,
    "p10": -71.36720000000003,
    "p50": 2.99200000000003,
    "p90": 95.18080000000019,
    "std": 77.62625348399781
  },
  "0.1": {
    "adjusted_rank_mean": 6.7368102491677595,
    "adjusted_rank_std": 3.9234032436799087,
    "max": 518.9169264444442,
    "mean": 9.072249558828698,
    "min": -460.56828480586086,
    "p10": -71.4768221719836,
    "p50": 4.003580871794869,
    "p90": 97.00012472722837,
    "std": 78.5034948041823
  },
  "0.25": {
    "adjusted_rank_mean": 6.7368102491677595,
    "adjusted_rank_std": 3.9234032436799082,
    "max": 525.3233161111109,
    "mean": 10.123908964659762,
    "min": -465.287712014652,
    "p10": -73.23455727827722,
    "p50": 5.227609519230766,
    "p90": 100.18702924519935,
    "std": 79.92922903999231
  },
  "0.5": {
    "adjusted_rank_mean": 6.7368102491677595,
    "adjusted_rank_std": 3.9234032436799087,
    "max": 536.0006322222221,
    "mean": 11.87667464104487,
    "min": -473.15342402930406,
    "p10": -74.88808022151002,
    "p50": 7.11571494708997,
    "p90": 105.87356668703872,
    "std": 82.5811960570251
  }
}