{
  "0.0": {
    "adjusted_rank_mean": 6.907856768100735,
    "adjusted_rank_std": 4.006573755463388,
    "max": 717.2880000000001,
    "mean": 8.306795486311525,
    "min": -469.63966666666664,
    "p10": -77.35199999999998,
    "p50": 2.4260000000000153,
    "p90": 101.18400000000001,
    "std": 82.11242888401718
  },
  "0.1": {
    "adjusted_rank_mean": 6.731232811598139,
    "adjusted_rank_std": 3.930110244915626,
    "max": 721.2745560990677,
    "mean": 8.957277883271493,
    "min": -473.58066840740736,
    "p10": -77.9074100281728,
    "p50": 3.482814857142823,
    "p90": 102.89923348920404,
    "std": 83.03388822856883
  },
  "0.25": {
    "adjusted_rank_mean": 6.731232811598139,
    "adjusted_rank_std": 3.930110244915626,
    "max": 727.2543902476691,
    "mean": 9.93300147871145,
    "min": -479.4921710185185,
    "p10": -79.03111160612536,
    "p50": 4.692995010926598,
    "p90": 106.18849176420795,
    "std": 84.51876553028764
  },
  "0.5": {
    "adjusted_rank_mean": 6.731232811598139,
    "adjusted_rank_std": 3.930110244915626,
    "max": 737.2207804953381,
    "mean": 11.559207471111378,
    "min": -489.34467537037034,
    "p10": -80.6047441919192,
    "p50": 6.376032324134213,
    "p90": 111.66228293981482,
    "std": 87.25154152630894
  }
}